{
    "action": {
        "min": [
            -0.5691628456115723,
            -0.0015874040545895696,
            -2.2575325965881348,
            -1.2639224529266357,
            -0.7703619003295898,
            -1.7448534965515137,
            0.0
        ],
        "max": [
            0.5891885161399841,
            1.9558910131454468,
            -0.0024770479649305344,
            0.9099313616752625,
            1.168259620666504,
            1.203077793121338,
            0.09880000352859497
        ],
        "mean": [
            0.058576390173266706,
            1.2942869935346686,
            -1.138853506909476,
            -0.2161286474826435,
            0.4339942743104917,
            -0.011801930588344648,
            0.03649290374948099
        ],
        "std": [
            0.2747649780613304,
            0.5318129507409481,
            0.4600068388282586,
            0.39435355579337894,
            0.39863066315057355,
            0.5071710440197416,
            0.03314147275567434
        ],
        "count": [
            4968
        ],
        "q01": [
            -0.2742437045637347,
            0.005085209632931364,
            -1.5891651932741495,
            -0.6318955538759772,
            -0.22608038164379793,
            -0.5780515140483145,
            0.00010706511497805784
        ],
        "q10": [
            -0.24638722644018174,
            0.29954037953067264,
            -1.485495474799971,
            -0.5852880432194361,
            0.14702918419052607,
            -0.5153211812040857,
            0.00012504869146572227
        ],
        "q50": [
            -0.002230695710789704,
            1.5122143041600498,
            -1.236802240575486,
            -0.2654929033876929,
            0.4595271555711868,
            0.07960507058535109,
            0.03971560180508663
        ],
        "q90": [
            0.42478315207446987,
            1.7657422914328815,
            -0.5378644922097561,
            0.18937763219570444,
            0.72364771126364,
            0.42837563115161825,
            0.08172235970134416
        ],
        "q99": [
            0.45291935503939573,
            1.779754955463817,
            -0.0034546421437318866,
            0.2856412321304798,
            0.8254231153200466,
            0.45777406461551695,
            0.08448342895209247
        ]
    },
    "timestamp": {
        "min": [
            0.0
        ],
        "max": [
            11.066666666666666
        ],
        "mean": [
            4.206582125603863
        ],
        "std": [
            2.5312112941247014
        ],
        "count": [
            4968
        ],
        "q01": [
            0.06667798455000018
        ],
        "q10": [
            0.8287364754967135
        ],
        "q50": [
            4.202257600644022
        ],
        "q90": [
            7.582801205662668
        ],
        "q99": [
            8.346486266657728
        ]
    },
    "frame_index": {
        "min": [
            0
        ],
        "max": [
            332
        ],
        "mean": [
            126.19746376811594
        ],
        "std": [
            75.93633882374107
        ],
        "count": [
            4968
        ],
        "q01": [
            2.0003395393540795
        ],
        "q10": [
            24.862094267230482
        ],
        "q50": [
            126.06772801932352
        ],
        "q90": [
            227.4840361675521
        ],
        "q99": [
            250.39458799687776
        ]
    },
    "observation.images.global_rgb": {
        "min": [
            [
                [
                    0.0
                ]
            ],
            [
                [
                    0.0
                ]
            ],
            [
                [
                    0.0
                ]
            ]
        ],
        "max": [
            [
                [
                    1.0
                ]
            ],
            [
                [
                    1.0
                ]
            ],
            [
                [
                    1.0
                ]
            ]
        ],
        "mean": [
            [
                [
                    0.4418342977941176
                ]
            ],
            [
                [
                    0.4798215650531046
                ]
            ],
            [
                [
                    0.5153524761029413
                ]
            ]
        ],
        "std": [
            [
                [
                    0.002706362484476747
                ]
            ],
            [
                [
                    0.002843532130535506
                ]
            ],
            [
                [
                    0.0028917681514977795
                ]
            ]
        ],
        "count": [
            2000
        ],
        "q01": [
            [
                [
                    0.11901916187291436
                ]
            ],
            [
                [
                    0.12270425997764334
                ]
            ],
            [
                [
                    0.11765751341771129
                ]
            ]
        ],
        "q10": [
            [
                [
                    0.18529270185468386
                ]
            ],
            [
                [
                    0.18725731793691633
                ]
            ],
            [
                [
                    0.18902416523016305
                ]
            ]
        ],
        "q50": [
            [
                [
                    0.4357004475889906
                ]
            ],
            [
                [
                    0.47329425508755874
                ]
            ],
            [
                [
                    0.49843391957677524
                ]
            ]
        ],
        "q90": [
            [
                [
                    0.7292061504584435
                ]
            ],
            [
                [
                    0.7868856244734005
                ]
            ],
            [
                [
                    0.8550887483027777
                ]
            ]
        ],
        "q99": [
            [
                [
                    0.8848976529834417
                ]
            ],
            [
                [
                    0.8729178677779513
                ]
            ],
            [
                [
                    0.9155115353116866
                ]
            ]
        ]
    },
    "observation.state": {
        "min": [
            -0.5691628456115723,
            -0.0015874040545895696,
            -2.2575325965881348,
            -1.2639224529266357,
            -0.7703619003295898,
            -1.7448534965515137,
            0.0
        ],
        "max": [
            0.5891885161399841,
            1.9558910131454468,
            -0.0024770479649305344,
            0.9099313616752625,
            1.168259620666504,
            1.203077793121338,
            0.09880000352859497
        ],
        "mean": [
            0.05800313594009264,
            1.289518510757821,
            -1.1338261620961911,
            -0.2159230077523744,
            0.4329722841238774,
            -0.011432572179653913,
            0.03647893549755946
        ],
        "std": [
            0.27430066267498365,
            0.5378360430576372,
            0.4651520440331335,
            0.3937318087201266,
            0.3980188530391633,
            0.5064805254722103,
            0.03314243160329186
        ],
        "count": [
            4968
        ],
        "q01": [
            -0.2742437045637347,
            0.005084990168501254,
            -1.5890692194344551,
            -0.6318955538759772,
            -0.2260813407276399,
            -0.5780515140483145,
            0.00010706511497805784
        ],